TYPE,COMMON-NAME,FRENCH-NAME,ENGLISH-NAME,CODE,CODE-NUMBER
,Black-bellied Whistling-Duck,Dendrocygne à ventre noir,Dendrocygna autumnalis,BBWD,1.0
,Fulvous Whistling-Duck,Dendrocygne fauve,Dendrocygna bicolor,FUWD,1.0
,Emperor Goose,Oie empereur,Anser canagicus,EMGO,2.0
,Snow Goose,Oie des neiges,Anser caerulescens,SNGO,1.0
,Ross's Goose,Oie de Ross,Anser rossii,ROGO,1.0
,Greater White-fronted Goose,Oie rieuse,Anser albifrons,GWFG,1.0
,Brant,Bernache cravant,Branta bernicla,BRAN,1.0
,Cackling Goose,Bernache de Hutchins,Branta hutchinsii,CACG,1.0
,Canada Goose,Bernache du Canada,Branta canadensis,CANG,1.0
,Hawaiian Goose,Bernache néné,Branta sandvicensis,HAGO,2.0
,Mute Swan,Cygne tuberculé,Cygnus olor,MUSW,1.0
,Trumpeter Swan,Cygne trompette,Cygnus buccinator,TRUS,1.0
,Tundra Swan,Cygne siffleur,Cygnus columbianus,TUSW,1.0
,Egyptian Goose,Ouette d'Égypte,Alopochen aegyptiaca,EGGO,2.0
,Muscovy Duck,Canard musqué,Cairina moschata,MUDU,2.0
,Wood Duck,Canard branchu,Aix sponsa,WODU,1.0
,Blue-winged Teal,Sarcelle à ailes bleues,Spatula discors,BWTE,1.0
,Cinnamon Teal,Sarcelle cannelle,Spatula cyanoptera,CITE,1.0
,Northern Shoveler,Canard souchet,Spatula clypeata,NSHO,1.0
,Gadwall,Canard chipeau,Mareca strepera,GADW,1.0
,Eurasian Wigeon,Canard siffleur,Mareca penelope,EUWI,2.0
,American Wigeon,Canard d'Amérique,Mareca americana,AMWI,1.0
,Hawaiian Duck,Canard des Hawaï,Anas wyvilliana,HAWD,2.0
,Mallard,Canard colvert,Anas platyrhynchos,MALL,1.0
,Mexican Duck,Canard du Mexique,Anas diazi,MEDU,2.0
,American Black Duck,Canard noir,Anas rubripes,ABDU,1.0
,Mottled Duck,Canard brun,Anas fulvigula,MODU,1.0
,Northern Pintail,Canard pilet,Anas acuta,NOPI,1.0
,Green-winged Teal,Sarcelle d'hiver,Anas crecca,GWTE,1.0
,Canvasback,Fuligule à dos blanc,Aythya valisineria,CANV,1.0
,Redhead,Fuligule à tête rouge,Aythya americana,REDH,1.0
,Ring-necked Duck,Fuligule à collier,Aythya collaris,RNDU,1.0
,Greater Scaup,Fuligule milouinan,Aythya marila,GRSC,1.0
,Lesser Scaup,Petit Fuligule,Aythya affinis,LESC,1.0
,Steller's Eider,Eider de Steller,Polysticta stelleri,STEI,2.0
,Spectacled Eider,Eider à lunettes,Somateria fischeri,SPEI,2.0
,King Eider,Eider à tête grise,Somateria spectabilis,KIEI,2.0
,Common Eider,Eider à duvet,Somateria mollissima,COEI,1.0
,Harlequin Duck,Arlequin plongeur,Histrionicus histrionicus,HADU,1.0
,Surf Scoter,Macreuse à front blanc,Melanitta perspicillata,SUSC,1.0
,White-winged Scoter,Macreuse à ailes blanches,Melanitta deglandi,WWSC,1.0
,Black Scoter,Macreuse à bec jaune,Melanitta americana,BLSC,1.0
,Long-tailed Duck,Harelde kakawi,Clangula hyemalis,LTDU,1.0
,Bufflehead,Petit Garrot,Bucephala albeola,BUFF,1.0
,Common Goldeneye,Garrot à oeil d'or,Bucephala clangula,COGO,1.0
,Barrow's Goldeneye,Garrot d'Islande,Bucephala islandica,BAGO,1.0
,Hooded Merganser,Harle couronné,Lophodytes cucullatus,HOME,1.0
,Common Merganser,Grand Harle,Mergus merganser,COME,1.0
,Red-breasted Merganser,Harle huppé,Mergus serrator,RBME,1.0
,Ruddy Duck,Érismature rousse,Oxyura jamaicensis,RUDU,1.0
,Plain Chachalaca,Ortalide chacamel,Ortalis vetula,PLCH,2.0
,Mountain Quail,Colin des montagnes,Oreortyx pictus,MOUQ,1.0
,Northern Bobwhite,Colin de Virginie,Colinus virginianus,NOBO,1.0
,Scaled Quail,Colin écaillé,Callipepla squamata,SCQU,1.0
,California Quail,Colin de Californie,Callipepla californica,CAQU,1.0
,Gambel's Quail,Colin de Gambel,Callipepla gambelii,GAQU,1.0
,Montezuma Quail,Colin arlequin,Cyrtonyx montezumae,MONQ,2.0
,Wild Turkey,Dindon sauvage,Meleagris gallopavo,WITU,1.0
,Ruffed Grouse,Gélinotte huppée,Bonasa umbellus,RUGR,1.0
,Spruce Grouse,Tétras du Canada,Falcipennis canadensis,SPGR,2.0
,Willow Ptarmigan,Lagopède des saules,Lagopus lagopus,WIPT,2.0
,Rock Ptarmigan,Lagopède alpin,Lagopus muta,ROPT,2.0
,White-tailed Ptarmigan,Lagopède à queue blanche,Lagopus leucura,WTPT,2.0
,Greater Sage-Grouse,Tétras des armoises,Centrocercus urophasianus,GRSG,1.0
,Gunnison Sage-Grouse,Tétras du Gunnison,Centrocercus minimus,GUSG,2.0
,Dusky Grouse,Tétras sombre,Dendragapus obscurus,DUGR,2.0
,Sooty Grouse,Tétras fuligineux,Dendragapus fuliginosus,SOGR,2.0
,Sharp-tailed Grouse,Tétras à queue fine,Tympanuchus phasianellus,STGR,2.0
,Greater Prairie-Chicken,Tétras des prairies,Tympanuchus cupido,GRPC,2.0
,Lesser Prairie-Chicken,Tétras pâle,Tympanuchus pallidicinctus,LEPC,2.0
,Gray Partridge,Perdrix grise,Perdix perdix,GRAP,2.0
,Ring-necked Pheasant,Faisan de Colchide,Phasianus colchicus,RNEP,1.0
,Kalij Pheasant,Faisan leucomèle,Lophura leucomelanos,KAPH,2.0
,Indian Peafowl,Paon bleu,Pavo cristatus,INPE,2.0
,Gray Francolin,Francolin gris,Francolinus pondicerianus,GRAF,2.0
,Black Francolin,Francolin noir,Francolinus francolinus,BLFR,2.0
,Red Junglefowl,Coq bankiva,Gallus gallus,REJU,2.0
,Himalayan Snowcock,Tétraogalle de l'Himalaya,Tetraogallus himalayensis,HISN,2.0
,Chukar,Perdrix choukar,Alectoris chukar,CHUK,2.0
,Erckel's Francolin,Francolin d'Erckel,Pternistis erckelii,ERFR,2.0
,Least Grebe,Grèbe minime,Tachybaptus dominicus,LEGR,2.0
,Pied-billed Grebe,Grèbe à bec bigarré,Podilymbus podiceps,PBGR,1.0
,Horned Grebe,Grèbe esclavon,Podiceps auritus,HOGR,1.0
,Red-necked Grebe,Grèbe jougris,Podiceps grisegena,RNGR,1.0
,Eared Grebe,Grèbe à cou noir,Podiceps nigricollis,EAGR,1.0
,Western Grebe,Grèbe élégant,Aechmophorus occidentalis,WEGR,1.0
,Clark's Grebe,Grèbe à face blanche,Aechmophorus clarkii,CLGR,1.0
,Rock Pigeon,Pigeon biset,Columba livia,ROPI,1.0
,White-crowned Pigeon,Pigeon à couronne blanche,Patagioenas leucocephala,WCPI,2.0
,Red-billed Pigeon,Pigeon à bec rouge,Patagioenas flavirostris,RBPI,2.0
,Band-tailed Pigeon,Pigeon à queue barrée,Patagioenas fasciata,BTPI,1.0
,Eurasian Collared-Dove,Tourterelle turque,Streptopelia decaocto,EUCD,1.0
,Spotted Dove,Tourterelle tigrine,Streptopelia chinensis,SPDO,2.0
,Zebra Dove,Géopélie zébrée,Geopelia striata,ZEBD,2.0
,Inca Dove,Colombe inca,Columbina inca,INDO,1.0
,Common Ground Dove,Colombe à queue noire,Columbina passerina,CGDO,1.0
,White-tipped Dove,Colombe de Verreaux,Leptotila verreauxi,WTDO,2.0
,White-winged Dove,Tourterelle à ailes blanches,Zenaida asiatica,WWDO,1.0
,Mourning Dove,Tourterelle triste,Zenaida macroura,MODO,1.0
,Groove-billed Ani,Ani à bec cannelé,Crotophaga sulcirostris,GBAN,2.0
,Greater Roadrunner,Grand Géocoucou,Geococcyx californianus,GRRO,1.0
,Yellow-billed Cuckoo,Coulicou à bec jaune,Coccyzus americanus,YBCU,1.0
,Mangrove Cuckoo,Coulicou manioc,Coccyzus minor,MACU,2.0
,Black-billed Cuckoo,Coulicou à bec noir,Coccyzus erythropthalmus,BBCU,1.0
,Lesser Nighthawk,Engoulevent minime,Chordeiles acutipennis,LENI,1.0
,Common Nighthawk,Engoulevent d'Amérique,Chordeiles minor,CONI,1.0
,Antillean Nighthawk,Engoulevent piramidig,Chordeiles gundlachii,ANNI,2.0
,Common Pauraque,Engoulevent pauraqué,Nyctidromus albicollis,COPA,2.0
,Common Poorwill,Engoulevent de Nuttall,Phalaenoptilus nuttallii,COPO,1.0
,Chuck-will's-widow,Engoulevent de Caroline,Antrostomus carolinensis,CWWI,1.0
,Eastern Whip-poor-will,Engoulevent bois-pourri,Antrostomus vociferus,EWPW,1.0
,Mexican Whip-poor-will,Engoulevent d'Arizona,Antrostomus arizonae,MWPW,2.0
,Black Swift,Martinet sombre,Cypseloides niger,BLSW,2.0
,Chimney Swift,Martinet ramoneur,Chaetura pelagica,CHSW,1.0
,Vaux's Swift,Martinet de Vaux,Chaetura vauxi,VASW,1.0
,White-throated Swift,Martinet à gorge blanche,Aeronautes saxatalis,WTSW,1.0
,Rivoli's Hummingbird,Colibri de Rivoli,Eugenes fulgens,RIHU,2.0
,Blue-throated Mountain-gem,Colibri à gorge bleue,Lampornis clemenciae,BTMG,2.0
,Lucifer Hummingbird,Colibri lucifer,Calothorax lucifer,LUHU,2.0
,Ruby-throated Hummingbird,Colibri à gorge rubis,Archilochus colubris,RTHU,1.0
,Black-chinned Hummingbird,Colibri à gorge noire,Archilochus alexandri,BCHU,1.0
,Anna's Hummingbird,Colibri d'Anna,Calypte anna,ANHU,1.0
,Costa's Hummingbird,Colibri de Costa,Calypte costae,COHU,1.0
,Calliope Hummingbird,Colibri calliope,Selasphorus calliope,CAHU,1.0
,Rufous Hummingbird,Colibri roux,Selasphorus rufus,RUHU,1.0
,Allen's Hummingbird,Colibri d'Allen,Selasphorus sasin,ALHU,1.0
,Broad-tailed Hummingbird,Colibri à queue large,Selasphorus platycercus,BTHU,1.0
,Broad-billed Hummingbird,Colibri circé,Cynanthus latirostris,BBIH,2.0
,Violet-crowned Hummingbird,Ariane à couronne violette,Leucolia violiceps,VCHU,2.0
,Buff-bellied Hummingbird,Ariane du Yucatan,Amazilia yucatanensis,BBEH,2.0
,Ridgway's Rail,Râle de Californie,Rallus obsoletus,RIRA,2.0
,Clapper Rail,Râle tapageur,Rallus crepitans,CLRA,1.0
,King Rail,Râle élégant,Rallus elegans,KIRA,1.0
,Virginia Rail,Râle de Virginie,Rallus limicola,VIRA,1.0
,Sora,Marouette de Caroline,Porzana carolina,SORA,1.0
,Common Gallinule,Gallinule d'Amérique,Gallinula galeata,COGA,1.0
,Hawaiian Coot,Foulque des Hawaï,Fulica alai,HACO,2.0
,American Coot,Foulque d'Amérique,Fulica americana,AMCO,1.0
,Purple Gallinule,Talève violacée,Porphyrio martinicus,PUGA,1.0
,Purple Swamphen,Talève sultane,Porphyrio porphyrio,PUSW,2.0
,Yellow Rail,Râle jaune,Coturnicops noveboracensis,YERA,2.0
,Black Rail,Râle noir,Laterallus jamaicensis,BLRA,2.0
,Limpkin,Courlan brun,Aramus guarauna,LIMP,2.0
,Sandhill Crane,Grue du Canada,Antigone canadensis,SACR,1.0
,Whooping Crane,Grue blanche,Grus americana,WHCR,2.0
,Black-necked Stilt,Échasse d'Amérique,Himantopus mexicanus,BNST,1.0
,American Avocet,Avocette d'Amérique,Recurvirostra americana,AMAV,1.0
,American Oystercatcher,Huîtrier d'Amérique,Haematopus palliatus,AMOY,1.0
,Black Oystercatcher,Huîtrier de Bachman,Haematopus bachmani,BLOY,1.0
,Black-bellied Plover,Pluvier argenté,Pluvialis squatarola,BBPL,1.0
,American Golden-Plover,Pluvier bronzé,Pluvialis dominica,AMGP,1.0
,Pacific Golden-Plover,Pluvier fauve,Pluvialis fulva,PAGP,2.0
,Killdeer,Pluvier kildir,Charadrius vociferus,KILL,1.0
,Semipalmated Plover,Pluvier semipalmé,Charadrius semipalmatus,SEPL,1.0
,Piping Plover,Pluvier siffleur,Charadrius melodus,PIPL,2.0
,Wilson's Plover,Pluvier de Wilson,Charadrius wilsonia,WIPL,1.0
,Mountain Plover,Pluvier montagnard,Charadrius montanus,MOPL,2.0
,Snowy Plover,Pluvier neigeux,Charadrius nivosus,SNPL,1.0
,Upland Sandpiper,Maubèche des champs,Bartramia longicauda,UPSA,1.0
,Bristle-thighed Curlew,Courlis d'Alaska,Numenius tahitiensis,BTCU,2.0
,Whimbrel,Courlis corlieu,Numenius phaeopus,WHIM,1.0
,Long-billed Curlew,Courlis à long bec,Numenius americanus,LBCU,1.0
,Bar-tailed Godwit,Barge rousse,Limosa lapponica,BTGO,2.0
,Hudsonian Godwit,Barge hudsonienne,Limosa haemastica,HUGO,1.0
,Marbled Godwit,Barge marbrée,Limosa fedoa,MAGO,1.0
,Ruddy Turnstone,Tournepierre à collier,Arenaria interpres,RUTU,1.0
,Black Turnstone,Tournepierre noir,Arenaria melanocephala,BLTU,1.0
,Red Knot,Bécasseau maubèche,Calidris canutus,REKN,1.0
,Surfbird,Bécasseau du ressac,Calidris virgata,SURF,1.0
,Stilt Sandpiper,Bécasseau à échasses,Calidris himantopus,STSA,1.0
,Sanderling,Bécasseau sanderling,Calidris alba,SAND,1.0
,Dunlin,Bécasseau variable,Calidris alpina,DUNL,1.0
,Rock Sandpiper,Bécasseau des Aléoutiennes,Calidris ptilocnemis,ROSA,2.0
,Purple Sandpiper,Bécasseau violet,Calidris maritima,PUSA,1.0
,Baird's Sandpiper,Bécasseau de Baird,Calidris bairdii,BASA,1.0
,Least Sandpiper,Bécasseau minuscule,Calidris minutilla,LESA,1.0
,White-rumped Sandpiper,Bécasseau à croupion blanc,Calidris fuscicollis,WRSA,1.0
,Buff-breasted Sandpiper,Bécasseau roussâtre,Calidris subruficollis,BBSA,1.0
,Pectoral Sandpiper,Bécasseau à poitrine cendrée,Calidris melanotos,PESA,1.0
,Semipalmated Sandpiper,Bécasseau semipalmé,Calidris pusilla,SESA,1.0
,Western Sandpiper,Bécasseau d'Alaska,Calidris mauri,WESA,1.0
,Short-billed Dowitcher,Bécassin roux,Limnodromus griseus,SBDO,1.0
,Long-billed Dowitcher,Bécassin à long bec,Limnodromus scolopaceus,LBDO,1.0
,American Woodcock,Bécasse d'Amérique,Scolopax minor,AMWO,1.0
,Wilson's Snipe,Bécassine de Wilson,Gallinago delicata,WISN,1.0
,Spotted Sandpiper,Chevalier grivelé,Actitis macularius,SPSA,1.0
,Solitary Sandpiper,Chevalier solitaire,Tringa solitaria,SOSA,1.0
,Wandering Tattler,Chevalier errant,Tringa incana,WATA,1.0
,Lesser Yellowlegs,Petit Chevalier,Tringa flavipes,LEYE,1.0
,Willet,Chevalier semipalmé,Tringa semipalmata,WILL,1.0
,Greater Yellowlegs,Grand Chevalier,Tringa melanoleuca,GRYE,1.0
,Wood Sandpiper,Chevalier sylvain,Tringa glareola,WOSA,2.0
,Wilson's Phalarope,Phalarope de Wilson,Phalaropus tricolor,WIPH,1.0
,Red-necked Phalarope,Phalarope à bec étroit,Phalaropus lobatus,RNPH,1.0
,Red Phalarope,Phalarope à bec large,Phalaropus fulicarius,REPH,1.0
,South Polar Skua,Labbe de McCormick,Stercorarius maccormicki,SPSK,2.0
,Pomarine Jaeger,Labbe pomarin,Stercorarius pomarinus,POJA,1.0
,Parasitic Jaeger,Labbe parasite,Stercorarius parasiticus,PAJA,1.0
,Long-tailed Jaeger,Labbe à longue queue,Stercorarius longicaudus,LTJA,1.0
,Dovekie,Mergule nain,Alle alle,DOVE,2.0
,Common Murre,Guillemot marmette,Uria aalge,COMU,1.0
,Thick-billed Murre,Guillemot de Brünnich,Uria lomvia,TBMU,1.0
,Razorbill,Petit Pingouin,Alca torda,RAZO,1.0
,Black Guillemot,Guillemot à miroir,Cepphus grylle,BLGU,1.0
,Pigeon Guillemot,Guillemot colombin,Cepphus columba,PIGU,1.0
,Marbled Murrelet,Guillemot marbré,Brachyramphus marmoratus,MAMU,1.0
,Kittlitz's Murrelet,Guillemot de Kittlitz,Brachyramphus brevirostris,KIMU,2.0
,Scripps's Murrelet,Guillemot de Scripps,Synthliboramphus scrippsi,SCMU,2.0
,Ancient Murrelet,Guillemot à cou blanc,Synthliboramphus antiquus,ANMU,2.0
,Cassin's Auklet,Starique de Cassin,Ptychoramphus aleuticus,CAAU,1.0
,Parakeet Auklet,Starique perroquet,Aethia psittacula,PAAU,2.0
,Least Auklet,Starique minuscule,Aethia pusilla,LEAU,2.0
,Whiskered Auklet,Starique pygmée,Aethia pygmaea,WHAU,2.0
,Crested Auklet,Starique cristatelle,Aethia cristatella,CRAU,2.0
,Rhinoceros Auklet,Macareux rhinocéros,Cerorhinca monocerata,RHAU,1.0
,Atlantic Puffin,Macareux moine,Fratercula arctica,ATPU,1.0
,Horned Puffin,Macareux cornu,Fratercula corniculata,HOPU,1.0
,Tufted Puffin,Macareux huppé,Fratercula cirrhata,TUPU,1.0
,Black-legged Kittiwake,Mouette tridactyle,Rissa tridactyla,BLKI,1.0
,Red-legged Kittiwake,Mouette des brumes,Rissa brevirostris,RLKI,2.0
,Sabine's Gull,Mouette de Sabine,Xema sabini,SAGU,1.0
,Bonaparte's Gull,Mouette de Bonaparte,Chroicocephalus philadelphia,BOGU,1.0
,Black-headed Gull,Mouette rieuse,Chroicocephalus ridibundus,BHGU,2.0
,Little Gull,Mouette pygmée,Hydrocoloeus minutus,LIGU,2.0
,Laughing Gull,Mouette atricille,Leucophaeus atricilla,LAGU,1.0
,Franklin's Gull,Mouette de Franklin,Leucophaeus pipixcan,FRGU,1.0
,Heermann's Gull,Goéland de Heermann,Larus heermanni,HEEG,1.0
,Mew Gull,Goéland cendré,Larus canus,MEGU,1.0
,Ring-billed Gull,Goéland à bec cerclé,Larus delawarensis,RBGU,1.0
,Western Gull,Goéland d'Audubon,Larus occidentalis,WEGU,1.0
,California Gull,Goéland de Californie,Larus californicus,CAGU,1.0
,Herring Gull,Goéland argenté,Larus argentatus,HERG,1.0
,Iceland Gull,Goéland arctique,Larus glaucoides,ICGU,1.0
,Lesser Black-backed Gull,Goéland brun,Larus fuscus,LBBG,2.0
,Glaucous-winged Gull,Goéland à ailes grises,Larus glaucescens,GWGU,1.0
,Glaucous Gull,Goéland bourgmestre,Larus hyperboreus,GLGU,1.0
,Great Black-backed Gull,Goéland marin,Larus marinus,GBBG,1.0
,Brown Noddy,Noddi brun,Anous stolidus,BRNO,2.0
,Black Noddy,Noddi noir,Anous minutus,BLNO,2.0
,White Tern,Gygis blanche,Gygis alba,WHTT,2.0
,Sooty Tern,Sterne fuligineuse,Onychoprion fuscatus,SOTE,2.0
,Gray-backed Tern,Sterne à dos gris,Onychoprion lunatus,GBAT,2.0
,Bridled Tern,Sterne bridée,Onychoprion anaethetus,BRTE,2.0
,Aleutian Tern,Sterne des Aléoutiennes,Onychoprion aleuticus,ALTE,2.0
,Least Tern,Petite Sterne,Sternula antillarum,LETE,1.0
,Gull-billed Tern,Sterne hansel,Gelochelidon nilotica,GBTE,1.0
,Caspian Tern,Sterne caspienne,Hydroprogne caspia,CATE,1.0
,Black Tern,Guifette noire,Chlidonias niger,BLTE,1.0
,Roseate Tern,Sterne de Dougall,Sterna dougallii,ROST,2.0
,Common Tern,Sterne pierregarin,Sterna hirundo,COTE,1.0
,Arctic Tern,Sterne arctique,Sterna paradisaea,ARTE,1.0
,Forster's Tern,Sterne de Forster,Sterna forsteri,FOTE,1.0
,Royal Tern,Sterne royale,Thalasseus maximus,ROYT,1.0
,Sandwich Tern,Sterne caugek,Thalasseus sandvicensis,SATE,1.0
,Elegant Tern,Sterne élégante,Thalasseus elegans,ELTE,1.0
,Black Skimmer,Bec-en-ciseaux noir,Rynchops niger,BLSK,1.0
,White-tailed Tropicbird,Phaéton à bec jaune,Phaethon lepturus,WTTR,2.0
,Red-throated Loon,Plongeon catmarin,Gavia stellata,RTLO,1.0
,Arctic Loon,Plongeon arctique,Gavia arctica,ARLO,2.0
,Pacific Loon,Plongeon du Pacifique,Gavia pacifica,PALO,1.0
,Common Loon,Plongeon huard,Gavia immer,COLO,1.0
,Yellow-billed Loon,Plongeon à bec blanc,Gavia adamsii,YBLO,2.0
,Laysan Albatross,Albatros de Laysan,Phoebastria immutabilis,LAAL,2.0
,Black-footed Albatross,Albatros à pieds noirs,Phoebastria nigripes,BFAL,1.0
,Wilson's Storm-Petrel,Océanite de Wilson,Oceanites oceanicus,WISP,1.0
,Fork-tailed Storm-Petrel,Océanite à queue fourchue,Hydrobates furcatus,FTSP,2.0
,Leach's Storm-Petrel,Océanite cul-blanc,Hydrobates leucorhous,LESP,1.0
,Ashy Storm-Petrel,Océanite cendré,Hydrobates homochroa,ASSP,2.0
,Band-rumped Storm-Petrel,Océanite de Castro,Hydrobates castro,BSTP,2.0
,Black Storm-Petrel,Océanite noir,Hydrobates melania,BLSP,2.0
,Northern Fulmar,Fulmar boréal,Fulmarus glacialis,NOFU,1.0
,Mottled Petrel,Pétrel maculé,Pterodroma inexpectata,MOPE,2.0
,Black-capped Petrel,Pétrel diablotin,Pterodroma hasitata,BCPE,2.0
,Cory's Shearwater,Puffin cendré,Calonectris diomedea,CORS,1.0
,Wedge-tailed Shearwater,Puffin fouquet,Ardenna pacifica,WTSH,2.0
,Buller's Shearwater,Puffin de Buller,Ardenna bulleri,BULS,2.0
,Short-tailed Shearwater,Puffin à bec grêle,Ardenna tenuirostris,STTS,2.0
,Sooty Shearwater,Puffin fuligineux,Ardenna grisea,SOSH,1.0
,Great Shearwater,Puffin majeur,Ardenna gravis,GRSH,1.0
,Pink-footed Shearwater,Puffin à pieds roses,Ardenna creatopus,PFSH,1.0
,Manx Shearwater,Puffin des Anglais,Puffinus puffinus,MASH,2.0
,Black-vented Shearwater,Puffin cul-noir,Puffinus opisthomelas,BVSH,2.0
,Audubon's Shearwater,Puffin d'Audubon,Puffinus lherminieri,AUSH,1.0
,Wood Stork,Tantale d'Amérique,Mycteria americana,WOST,1.0
,Magnificent Frigatebird,Frégate superbe,Fregata magnificens,MAFR,1.0
,Brown Booby,Fou brun,Sula leucogaster,BRBO,2.0
,Red-footed Booby,Fou à pieds rouges,Sula sula,RFBO,2.0
,Northern Gannet,Fou de Bassan,Morus bassanus,NOGA,1.0
,Anhinga,Anhinga d'Amérique,Anhinga anhinga,ANHI,1.0
,Brandt's Cormorant,Cormoran de Brandt,Phalacrocorax penicillatus,BRAC,1.0
,Red-faced Cormorant,Cormoran à face rouge,Phalacrocorax urile,RFCO,2.0
,Pelagic Cormorant,Cormoran pélagique,Phalacrocorax pelagicus,PECO,1.0
,Great Cormorant,Grand Cormoran,Phalacrocorax carbo,GRCO,1.0
,Double-crested Cormorant,Cormoran à aigrettes,Phalacrocorax auritus,DCCO,1.0
,Neotropic Cormorant,Cormoran vigua,Phalacrocorax brasilianus,NECO,1.0
,American White Pelican,Pélican d'Amérique,Pelecanus erythrorhynchos,AWPE,1.0
,Brown Pelican,Pélican brun,Pelecanus occidentalis,BRPE,1.0
,American Bittern,Butor d'Amérique,Botaurus lentiginosus,AMBI,1.0
,Least Bittern,Petit Blongios,Ixobrychus exilis,LEBI,1.0
,Great Blue Heron,Grand Héron,Ardea herodias,GBHE,1.0
,Great Egret,Grande Aigrette,Ardea alba,GREG,1.0
,Snowy Egret,Aigrette neigeuse,Egretta thula,SNEG,1.0
,Little Blue Heron,Aigrette bleue,Egretta caerulea,LBHE,1.0
,Tricolored Heron,Aigrette tricolore,Egretta tricolor,TRHE,1.0
,Reddish Egret,Aigrette roussâtre,Egretta rufescens,REEG,1.0
,Cattle Egret,Héron garde-boeufs,Bubulcus ibis,CAEG,1.0
,Green Heron,Héron vert,Butorides virescens,GRHE,1.0
,Black-crowned Night-Heron,Bihoreau gris,Nycticorax nycticorax,BCNH,1.0
,Yellow-crowned Night-Heron,Bihoreau violacé,Nyctanassa violacea,YCNH,1.0
,White Ibis,Ibis blanc,Eudocimus albus,WHIB,1.0
,Glossy Ibis,Ibis falcinelle,Plegadis falcinellus,GLIB,1.0
,White-faced Ibis,Ibis à face blanche,Plegadis chihi,WFIB,1.0
,Roseate Spoonbill,Spatule rosée,Platalea ajaja,ROSP,1.0
,California Condor,Condor de Californie,Gymnogyps californianus,CACO,2.0
,Black Vulture,Urubu noir,Coragyps atratus,BLVU,1.0
,Turkey Vulture,Urubu à tête rouge,Cathartes aura,TUVU,1.0
,Osprey,Balbuzard pêcheur,Pandion haliaetus,OSPR,1.0
,White-tailed Kite,Élanion à queue blanche,Elanus leucurus,WTKI,1.0
,Swallow-tailed Kite,Naucler à queue fourchue,Elanoides forficatus,STKI,1.0
,Golden Eagle,Aigle royal,Aquila chrysaetos,GOEA,1.0
,Northern Harrier,Busard des marais,Circus hudsonius,NOHA,1.0
,Sharp-shinned Hawk,Épervier brun,Accipiter striatus,SSHA,1.0
,Cooper's Hawk,Épervier de Cooper,Accipiter cooperii,COHA,1.0
,Northern Goshawk,Autour des palombes,Accipiter gentilis,NOGO,1.0
,Bald Eagle,Pygargue à tête blanche,Haliaeetus leucocephalus,BAEA,1.0
,Mississippi Kite,Milan du Mississippi,Ictinia mississippiensis,MIKI,1.0
,Snail Kite,Milan des marais,Rostrhamus sociabilis,SNKI,2.0
,Common Black Hawk,Buse noire,Buteogallus anthracinus,COBH,2.0
,Harris's Hawk,Buse de Harris,Parabuteo unicinctus,HASH,1.0
,White-tailed Hawk,Buse à queue blanche,Geranoaetus albicaudatus,WTHA,2.0
,Gray Hawk,Buse grise,Buteo plagiatus,GRHA,2.0
,Red-shouldered Hawk,Buse à épaulettes,Buteo lineatus,RSHA,1.0
,Broad-winged Hawk,Petite Buse,Buteo platypterus,BWHA,1.0
,Hawaiian Hawk,Buse d'Hawaï,Buteo solitarius,HAWH,2.0
,Short-tailed Hawk,Buse à queue courte,Buteo brachyurus,STHA,2.0
,Swainson's Hawk,Buse de Swainson,Buteo swainsoni,SWHA,1.0
,Zone-tailed Hawk,Buse à queue barrée,Buteo albonotatus,ZTHA,2.0
,Red-tailed Hawk,Buse à queue rousse,Buteo jamaicensis,RTHA,1.0
,Rough-legged Hawk,Buse pattue,Buteo lagopus,RLHA,1.0
,Ferruginous Hawk,Buse rouilleuse,Buteo regalis,FEHA,1.0
,Barn Owl,Effraie des clochers,Tyto alba,BANO,1.0
,Flammulated Owl,Petit-duc nain,Psiloscops flammeolus,FLOW,2.0
,Whiskered Screech-Owl,Petit-duc à moustaches,Megascops trichopsis,WHSO,2.0
,Western Screech-Owl,Petit-duc des montagnes,Megascops kennicottii,WESO,1.0
,Eastern Screech-Owl,Petit-duc maculé,Megascops asio,EASO,1.0
,Great Horned Owl,Grand-duc d'Amérique,Bubo virginianus,GHOW,1.0
,Snowy Owl,Harfang des neiges,Bubo scandiacus,SNOW,2.0
,Northern Hawk Owl,Chouette épervière,Surnia ulula,NHOW,2.0
,Northern Pygmy-Owl,Chevêchette naine,Glaucidium gnoma,NOPO,2.0
,Elf Owl,Chevêchette des saguaros,Micrathene whitneyi,ELOW,2.0
,Burrowing Owl,Chevêche des terriers,Athene cunicularia,BUOW,1.0
,Spotted Owl,Chouette tachetée,Strix occidentalis,SPOW,2.0
,Barred Owl,Chouette rayée,Strix varia,BADO,1.0
,Great Gray Owl,Chouette lapone,Strix nebulosa,GGOW,2.0
,Long-eared Owl,Hibou moyen-duc,Asio otus,LEOW,2.0
,Short-eared Owl,Hibou des marais,Asio flammeus,SEOW,1.0
,Boreal Owl,Nyctale de Tengmalm,Aegolius funereus,BOOW,2.0
,Northern Saw-whet Owl,Petite Nyctale,Aegolius acadicus,NSWO,2.0
,Elegant Trogon,Trogon élégant,Trogon elegans,ELTR,2.0
,Ringed Kingfisher,Martin-pêcheur à ventre roux,Megaceryle torquata,RIKI,2.0
,Belted Kingfisher,Martin-pêcheur d'Amérique,Megaceryle alcyon,BEKI,1.0
,Green Kingfisher,Martin-pêcheur vert,Chloroceryle americana,GKIN,2.0
,Lewis's Woodpecker,Pic de Lewis,Melanerpes lewis,LEWO,1.0
,Red-headed Woodpecker,Pic à tête rouge,Melanerpes erythrocephalus,RHWO,1.0
,Acorn Woodpecker,Pic glandivore,Melanerpes formicivorus,ACWO,1.0
,Gila Woodpecker,Pic des saguaros,Melanerpes uropygialis,GIWO,1.0
,Golden-fronted Woodpecker,Pic à front doré,Melanerpes aurifrons,GFWO,1.0
,Red-bellied Woodpecker,Pic à ventre roux,Melanerpes carolinus,RBWO,1.0
,Williamson's Sapsucker,Pic de Williamson,Sphyrapicus thyroideus,WISA,1.0
,Yellow-bellied Sapsucker,Pic maculé,Sphyrapicus varius,YBSA,1.0
,Red-naped Sapsucker,Pic à nuque rouge,Sphyrapicus nuchalis,RNSA,1.0
,Red-breasted Sapsucker,Pic à poitrine rouge,Sphyrapicus ruber,RBSA,1.0
,American Three-toed Woodpecker,Pic à dos rayé,Picoides dorsalis,ATTW,2.0
,Black-backed Woodpecker,Pic à dos noir,Picoides arcticus,BBWO,2.0
,Downy Woodpecker,Pic mineur,Dryobates pubescens,DOWO,1.0
,Nuttall's Woodpecker,Pic de Nuttall,Dryobates nuttallii,NUWO,1.0
,Ladder-backed Woodpecker,Pic arlequin,Dryobates scalaris,LBWO,1.0
,Red-cockaded Woodpecker,Pic à face blanche,Dryobates borealis,RCWO,2.0
,Hairy Woodpecker,Pic chevelu,Dryobates villosus,HAWO,1.0
,White-headed Woodpecker,Pic à tête blanche,Dryobates albolarvatus,WHWO,1.0
,Arizona Woodpecker,Pic d'Arizona,Dryobates arizonae,ARWO,2.0
,Northern Flicker,Pic flamboyant,Colaptes auratus,NOFL,1.0
,Gilded Flicker,Pic chrysoïde,Colaptes chrysoides,GIFL,2.0
,Pileated Woodpecker,Grand Pic,Dryocopus pileatus,PIWO,1.0
,Crested Caracara,Caracara du Nord,Caracara cheriway,CRCA,2.0
,American Kestrel,Crécerelle d'Amérique,Falco sparverius,AMKE,1.0
,Merlin,Faucon émerillon,Falco columbarius,MERL,1.0
,Gyrfalcon,Faucon gerfaut,Falco rusticolus,GYRF,2.0
,Peregrine Falcon,Faucon pèlerin,Falco peregrinus,PEFA,1.0
,Prairie Falcon,Faucon des prairies,Falco mexicanus,PRFA,1.0
,Monk Parakeet,Conure veuve,Myiopsitta monachus,MOPA,2.0
,Nanday Parakeet,Conure nanday,Aratinga nenday,NAPA,2.0
,Green Parakeet,Conure verte,Psittacara holochlorus,GREP,2.0
,Mitred Parakeet,Conure mitrée,Psittacara mitratus,MIPA,2.0
,White-winged Parakeet,Toui à ailes variées,Brotogeris versicolurus,WWPA,2.0
,Yellow-chevroned Parakeet,Toui à ailes jaunes,Brotogeris chiriri,YCPA,2.0
,Red-crowned Parrot,Amazone à joues vertes,Amazona viridigenalis,RCPA,2.0
,Rose-ringed Parakeet,Perruche à collier,Psittacula krameri,RRPA,2.0
,Rosy-faced Lovebird,Inséparable rosegorge,Agapornis roseicollis,RFLO,2.0
,Northern Beardless-Tyrannulet,Tyranneau imberbe,Camptostoma imberbe,NOBT,2.0
,Dusky-capped Flycatcher,Tyran olivâtre,Myiarchus tuberculifer,DCFL,2.0
,Ash-throated Flycatcher,Tyran à gorge cendrée,Myiarchus cinerascens,ATFL,1.0
,Great Crested Flycatcher,Tyran huppé,Myiarchus crinitus,GCFL,1.0
,Brown-crested Flycatcher,Tyran de Wied,Myiarchus tyrannulus,BCFL,1.0
,Great Kiskadee,Tyran quiquivi,Pitangus sulphuratus,GKIS,2.0
,Sulphur-bellied Flycatcher,Tyran tigré,Myiodynastes luteiventris,SBFL,2.0
,Tropical Kingbird,Tyran mélancolique,Tyrannus melancholicus,TRKI,2.0
,Couch's Kingbird,Tyran de Couch,Tyrannus couchii,COKI,2.0
,Cassin's Kingbird,Tyran de Cassin,Tyrannus vociferans,CAKI,1.0
,Thick-billed Kingbird,Tyran à bec épais,Tyrannus crassirostris,TBKI,2.0
,Western Kingbird,Tyran de l'Ouest,Tyrannus verticalis,WEKI,1.0
,Eastern Kingbird,Tyran tritri,Tyrannus tyrannus,EAKI,1.0
,Gray Kingbird,Tyran gris,Tyrannus dominicensis,GRAK,2.0
,Scissor-tailed Flycatcher,Tyran à longue queue,Tyrannus forficatus,STFL,1.0
,Olive-sided Flycatcher,Moucherolle à côtés olive,Contopus cooperi,OSFL,1.0
,Greater Pewee,Moucherolle de Coues,Contopus pertinax,GRPE,2.0
,Western Wood-Pewee,Pioui de l'Ouest,Contopus sordidulus,WEWP,1.0
,Eastern Wood-Pewee,Pioui de l'Est,Contopus virens,EAWP,1.0
,Yellow-bellied Flycatcher,Moucherolle à ventre jaune,Empidonax flaviventris,YBFL,1.0
,Acadian Flycatcher,Moucherolle vert,Empidonax virescens,ACFL,1.0
,Alder Flycatcher,Moucherolle des aulnes,Empidonax alnorum,ALFL,1.0
,Willow Flycatcher,Moucherolle des saules,Empidonax traillii,WIFL,1.0
,Least Flycatcher,Moucherolle tchébec,Empidonax minimus,LEFL,1.0
,Hammond's Flycatcher,Moucherolle de Hammond,Empidonax hammondii,HAFL,1.0
,Gray Flycatcher,Moucherolle gris,Empidonax wrightii,GRFL,1.0
,Dusky Flycatcher,Moucherolle sombre,Empidonax oberholseri,DUFL,1.0
,Pacific-slope Flycatcher,Moucherolle côtier,Empidonax difficilis,PSFL,1.0
,Cordilleran Flycatcher,Moucherolle des ravins,Empidonax occidentalis,COFL,1.0
,Buff-breasted Flycatcher,Moucherolle beige,Empidonax fulvifrons,BBFL,2.0
,Black Phoebe,Moucherolle noir,Sayornis nigricans,BLPH,1.0
,Eastern Phoebe,Moucherolle phébi,Sayornis phoebe,EAPH,1.0
,Say's Phoebe,Moucherolle à ventre roux,Sayornis saya,SAPH,1.0
,Vermilion Flycatcher,Moucherolle vermillon,Pyrocephalus rubinus,VEFL,1.0
,Loggerhead Shrike,Pie-grièche migratrice,Lanius ludovicianus,LOSH,1.0
,Northern Shrike,Pie-grièche boréale,Lanius borealis,NSHR,1.0
,Black-capped Vireo,Viréo à tête noire,Vireo atricapilla,BCVI,2.0
,White-eyed Vireo,Viréo aux yeux blancs,Vireo griseus,WEVI,1.0
,Bell's Vireo,Viréo de Bell,Vireo bellii,BEVI,1.0
,Gray Vireo,Viréo gris,Vireo vicinior,GRVI,2.0
,Hutton's Vireo,Viréo de Hutton,Vireo huttoni,HUVI,1.0
,Yellow-throated Vireo,Viréo à gorge jaune,Vireo flavifrons,YTVI,1.0
,Cassin's Vireo,Viréo de Cassin,Vireo cassinii,CAVI,1.0
,Blue-headed Vireo,Viréo à tête bleue,Vireo solitarius,BHVI,1.0
,Plumbeous Vireo,Viréo plombé,Vireo plumbeus,PLVI,1.0
,Philadelphia Vireo,Viréo de Philadelphie,Vireo philadelphicus,PHVI,1.0
,Warbling Vireo,Viréo mélodieux,Vireo gilvus,WAVI,1.0
,Red-eyed Vireo,Viréo aux yeux rouges,Vireo olivaceus,REVI,1.0
,Black-whiskered Vireo,Viréo à moustaches,Vireo altiloquus,BWVI,2.0
,Canada Jay,Mésangeai du Canada,Perisoreus canadensis,CAJA,1.0
,Green Jay,Geai vert,Cyanocorax yncas,GRJA,2.0
,Pinyon Jay,Geai des pinèdes,Gymnorhinus cyanocephalus,PIJA,1.0
,Steller's Jay,Geai de Steller,Cyanocitta stelleri,STJA,1.0
,Blue Jay,Geai bleu,Cyanocitta cristata,BLJA,1.0
,Florida Scrub-Jay,Geai à gorge blanche,Aphelocoma coerulescens,FLSJ,2.0
,Island Scrub-Jay,Geai de Santa Cruz,Aphelocoma insularis,ISSJ,2.0
,California Scrub-Jay,Geai buissonnier,Aphelocoma californica,CASJ,1.0
,Woodhouse's Scrub-Jay,Geai de Woodhouse,Aphelocoma woodhouseii,WOSJ,1.0
,Mexican Jay,Geai du Mexique,Aphelocoma wollweberi,MEJA,2.0
,Clark's Nutcracker,Cassenoix d'Amérique,Nucifraga columbiana,CLNU,1.0
,Black-billed Magpie,Pie d'Amérique,Pica hudsonia,BBMA,1.0
,Yellow-billed Magpie,Pie à bec jaune,Pica nuttalli,YBMA,2.0
,American Crow,Corneille d'Amérique,Corvus brachyrhynchos,AMCR,1.0
,Fish Crow,Corneille de rivage,Corvus ossifragus,FICR,1.0
,Chihuahuan Raven,Corbeau à cou blanc,Corvus cryptoleucus,CHRA,1.0
,Common Raven,Grand Corbeau,Corvus corax,CORA,1.0
,Kauai Elepaio,Monarque de Kauai,Chasiempis sclateri,KAEL,2.0
,Hawaii Elepaio,Monarque d'Hawaï,Chasiempis sandwichensis,HAEL,2.0
,Eurasian Skylark,Alouette des champs,Alauda arvensis,EUSK,2.0
,Horned Lark,Alouette hausse-col,Eremophila alpestris,HOLA,1.0
,Bank Swallow,Hirondelle de rivage,Riparia riparia,BANS,1.0
,Tree Swallow,Hirondelle bicolore,Tachycineta bicolor,TRES,1.0
,Violet-green Swallow,Hirondelle à face blanche,Tachycineta thalassina,VGSW,1.0
,Northern Rough-winged Swallow,Hirondelle à ailes hérissées,Stelgidopteryx serripennis,NRWS,1.0
,Purple Martin,Hirondelle noire,Progne subis,PUMA,1.0
,Barn Swallow,Hirondelle rustique,Hirundo rustica,BARS,1.0
,Cliff Swallow,Hirondelle à front blanc,Petrochelidon pyrrhonota,CLSW,1.0
,Cave Swallow,Hirondelle à front brun,Petrochelidon fulva,CASW,1.0
,Carolina Chickadee,Mésange de Caroline,Poecile carolinensis,CACH,1.0
,Black-capped Chickadee,Mésange à tête noire,Poecile atricapillus,BCCH,1.0
,Mountain Chickadee,Mésange de Gambel,Poecile gambeli,MOCH,1.0
,Mexican Chickadee,Mésange grise,Poecile sclateri,MECH,2.0
,Chestnut-backed Chickadee,Mésange à dos marron,Poecile rufescens,CBCH,1.0
,Boreal Chickadee,Mésange à tête brune,Poecile hudsonicus,BOCH,1.0
,Bridled Titmouse,Mésange arlequin,Baeolophus wollweberi,BRTI,2.0
,Oak Titmouse,Mésange unicolore,Baeolophus inornatus,OATI,1.0
,Juniper Titmouse,Mésange des genévriers,Baeolophus ridgwayi,JUTI,1.0
,Tufted Titmouse,Mésange bicolore,Baeolophus bicolor,TUTI,1.0
,Black-crested Titmouse,Mésange à plumet noir,Baeolophus atricristatus,BCTI,2.0
,Verdin,Auripare verdin,Auriparus flaviceps,VERD,1.0
,Bushtit,Mésange buissonnière,Psaltriparus minimus,BUSH,1.0
,Red-breasted Nuthatch,Sittelle à poitrine rousse,Sitta canadensis,RBNU,1.0
,White-breasted Nuthatch,Sittelle à poitrine blanche,Sitta carolinensis,WBNU,1.0
,Pygmy Nuthatch,Sittelle pygmée,Sitta pygmaea,PYNU,1.0
,Brown-headed Nuthatch,Sittelle à tête brune,Sitta pusilla,BHNU,1.0
,Brown Creeper,Grimpereau brun,Certhia americana,BRCR,1.0
,Rock Wren,Troglodyte des rochers,Salpinctes obsoletus,ROWR,1.0
,Canyon Wren,Troglodyte des canyons,Catherpes mexicanus,CANW,1.0
,House Wren,Troglodyte familier,Troglodytes aedon,HOWR,1.0
,Pacific Wren,Troglodyte de Baird,Troglodytes pacificus,PAWR,1.0
,Winter Wren,Troglodyte des forêts,Troglodytes hiemalis,WIWR,1.0
,Sedge Wren,Troglodyte à bec court,Cistothorus platensis,SEWR,1.0
,Marsh Wren,Troglodyte des marais,Cistothorus palustris,MAWR,1.0
,Carolina Wren,Troglodyte de Caroline,Thryothorus ludovicianus,CARW,1.0
,Bewick's Wren,Troglodyte de Bewick,Thryomanes bewickii,BEWR,1.0
,Cactus Wren,Troglodyte des cactus,Campylorhynchus brunneicapillus,CACW,1.0
,Blue-gray Gnatcatcher,Gobemoucheron gris-bleu,Polioptila caerulea,BGGN,1.0
,California Gnatcatcher,Gobemoucheron de Californie,Polioptila californica,CAGN,2.0
,Black-tailed Gnatcatcher,Gobemoucheron à queue noire,Polioptila melanura,BTGN,1.0
,American Dipper,Cincle d'Amérique,Cinclus mexicanus,AMDI,1.0
,Red-vented Bulbul,Bulbul à ventre rouge,Pycnonotus cafer,RVBU,2.0
,Red-whiskered Bulbul,Bulbul orphée,Pycnonotus jocosus,RWBU,2.0
,Golden-crowned Kinglet,Roitelet à couronne dorée,Regulus satrapa,GCKI,1.0
,Ruby-crowned Kinglet,Roitelet à couronne rubis,Regulus calendula,RCKI,1.0
,Japanese Bush-Warbler,Bouscarle chanteuse,Horornis diphone,JABW,2.0
,Arctic Warbler,Pouillot boréal,Phylloscopus borealis,ARWA,2.0
,Wrentit,Cama brune,Chamaea fasciata,WREN,1.0
,Warbling White-eye,Zostérops du Japon,Zosterops japonicus,WAWE,2.0
,Hwamei,Garrulaxe hoamy,Garrulax canorus,HWAM,2.0
,Red-billed Leiothrix,Léiothrix jaune,Leiothrix lutea,RBLE,2.0
,White-rumped Shama,Shama à croupion blanc,Copsychus malabaricus,WRSH,2.0
,Bluethroat,Gorgebleue à miroir,Cyanecula svecica,BLUE,2.0
,Northern Wheatear,Traquet motteux,Oenanthe oenanthe,NOWH,2.0
,Eastern Bluebird,Merlebleu de l'Est,Sialia sialis,EABL,1.0
,Western Bluebird,Merlebleu de l'Ouest,Sialia mexicana,WEBL,1.0
,Mountain Bluebird,Merlebleu azuré,Sialia currucoides,MOBL,1.0
,Townsend's Solitaire,Solitaire de Townsend,Myadestes townsendi,TOSO,1.0
,Omao,Solitaire d'Hawaï,Myadestes obscurus,OMAO,2.0
,Veery,Grive fauve,Catharus fuscescens,VEER,1.0
,Gray-cheeked Thrush,Grive à joues grises,Catharus minimus,GCTH,1.0
,Bicknell's Thrush,Grive de Bicknell,Catharus bicknelli,BITH,2.0
,Swainson's Thrush,Grive à dos olive,Catharus ustulatus,SWTH,1.0
,Hermit Thrush,Grive solitaire,Catharus guttatus,HETH,1.0
,Wood Thrush,Grive des bois,Hylocichla mustelina,WOTH,1.0
,Clay-colored Thrush,Merle fauve,Turdus grayi,CCTH,2.0
,American Robin,Merle d'Amérique,Turdus migratorius,AMRO,1.0
,Varied Thrush,Grive à collier,Ixoreus naevius,VATH,1.0
,Gray Catbird,Moqueur chat,Dumetella carolinensis,GRCA,1.0
,Curve-billed Thrasher,Moqueur à bec courbe,Toxostoma curvirostre,CBTH,1.0
,Brown Thrasher,Moqueur roux,Toxostoma rufum,BRTH,1.0
,Long-billed Thrasher,Moqueur à long bec,Toxostoma longirostre,LBTH,2.0
,Bendire's Thrasher,Moqueur de Bendire,Toxostoma bendirei,BETH,2.0
,California Thrasher,Moqueur de Californie,Toxostoma redivivum,CATH,2.0
,LeConte's Thrasher,Moqueur de LeConte,Toxostoma lecontei,LCTH,2.0
,Crissal Thrasher,Moqueur cul-roux,Toxostoma crissale,CRTH,2.0
,Sage Thrasher,Moqueur des armoises,Oreoscoptes montanus,SATH,1.0
,Northern Mockingbird,Moqueur polyglotte,Mimus polyglottos,NOMO,1.0
,European Starling,Étourneau sansonnet,Sturnus vulgaris,EUST,1.0
,Common Myna,Martin triste,Acridotheres tristis,COMY,2.0
,Bohemian Waxwing,Jaseur boréal,Bombycilla garrulus,BOWA,2.0
,Cedar Waxwing,Jaseur d'Amérique,Bombycilla cedrorum,CEDW,1.0
,Phainopepla,Phénopèple luisant,Phainopepla nitens,PHAI,1.0
,Olive Warbler,Fauvine des pins,Peucedramus taeniatus,OLWA,2.0
,Common Waxbill,Astrild ondulé,Estrilda astrild,COMW,2.0
,Red Avadavat,Bengali rouge,Amandava amandava,REAV,2.0
,African Silverbill,Capucin bec-d'argent,Euodice cantans,AFSI,2.0
,Java Sparrow,Padda de Java,Lonchura oryzivora,JASP,2.0
,Scaly-breasted Munia,Capucin damier,Lonchura punctulata,SBMU,2.0
,Chestnut Munia,Capucin à tête noire,Lonchura atricapilla,CHMU,2.0
,House Sparrow,Moineau domestique,Passer domesticus,HOSP,1.0
,Eurasian Tree Sparrow,Moineau friquet,Passer montanus,ETSP,2.0
,Eastern Yellow Wagtail,Bergeronnette de Béringie,Motacilla tschutschensis,EYWA,2.0
,American Pipit,Pipit d'Amérique,Anthus rubescens,AMPI,1.0
,Sprague's Pipit,Pipit de Sprague,Anthus spragueii,SPPI,2.0
,Evening Grosbeak,Gros-bec errant,Coccothraustes vespertinus,EVGR,1.0
,Maui Alauahio,Alauahio de Maui,Paroreomyza montana,MAAL,2.0
,Apapane,Picchion cramoisi,Himatione sanguinea,APAP,2.0
,Iiwi,Iiwi rouge,Drepanis coccinea,IIWI,2.0
,Anianiau,Anianiau de Kauai,Magumma parva,ANIA,2.0
,Hawaii Amakihi,Amakihi familier,Chlorodrepanis virens,HAAM,2.0
,Oahu Amakihi,Amakihi d'Oahu,Chlorodrepanis flava,OAAM,2.0
,Kauai Amakihi,Amakihi de Stejneger,Chlorodrepanis stejnegeri,KAAM,2.0
,Pine Grosbeak,Durbec des sapins,Pinicola enucleator,PIGR,1.0
,Gray-crowned Rosy-Finch,Roselin à tête grise,Leucosticte tephrocotis,GCRF,1.0
,Black Rosy-Finch,Roselin noir,Leucosticte atrata,BLRF,2.0
,Brown-capped Rosy-Finch,Roselin à tête brune,Leucosticte australis,BCRF,2.0
,House Finch,Roselin familier,Haemorhous mexicanus,HOFI,1.0
,Purple Finch,Roselin pourpré,Haemorhous purpureus,PUFI,1.0
,Cassin's Finch,Roselin de Cassin,Haemorhous cassinii,CAFI,1.0
,Yellow-fronted Canary,Serin du Mozambique,Crithagra mozambica,YFCA,2.0
,Common Redpoll,Sizerin flammé,Acanthis flammea,CORE,1.0
,Hoary Redpoll,Sizerin blanchâtre,Acanthis hornemanni,HORE,2.0
,Red Crossbill,Bec-croisé des sapins,Loxia curvirostra,RECR,1.0
,Cassia Crossbill,Bec-croisé de l'Idaho,Loxia sinesciuris,CACR,2.0
,White-winged Crossbill,Bec-croisé bifascié,Loxia leucoptera,WWCR,2.0
,Pine Siskin,Tarin des pins,Spinus pinus,PISI,1.0
,Lesser Goldfinch,Chardonneret mineur,Spinus psaltria,LEGO,1.0
,Lawrence's Goldfinch,Chardonneret gris,Spinus lawrencei,LAGO,2.0
,American Goldfinch,Chardonneret jaune,Spinus tristis,AMGO,1.0
,Lapland Longspur,Plectrophane lapon,Calcarius lapponicus,LALO,1.0
,Chestnut-collared Longspur,Plectrophane à ventre noir,Calcarius ornatus,CCLO,1.0
,Smith's Longspur,Plectrophane de Smith,Calcarius pictus,SMLO,2.0
,Thick-billed Longspur,Plectrophane à bec fort,Rhynchophanes mccownii,MCLO,2.0
,Snow Bunting,Plectrophane des neiges,Plectrophenax nivalis,SNBU,1.0
,Rufous-winged Sparrow,Bruant à épaulettes,Peucaea carpalis,RWSP,2.0
,Botteri's Sparrow,Bruant de Botteri,Peucaea botterii,BOSP,2.0
,Cassin's Sparrow,Bruant de Cassin,Peucaea cassinii,CASP,1.0
,Bachman's Sparrow,Bruant des pinèdes,Peucaea aestivalis,BACS,1.0
,Grasshopper Sparrow,Bruant sauterelle,Ammodramus savannarum,GRSP,1.0
,Olive Sparrow,Tohi olive,Arremonops rufivirgatus,OLSP,2.0
,Black-throated Sparrow,Bruant à gorge noire,Amphispiza bilineata,BTSP,1.0
,Lark Sparrow,Bruant à joues marron,Chondestes grammacus,LASP,1.0
,Lark Bunting,Bruant noir et blanc,Calamospiza melanocorys,LARB,1.0
,Chipping Sparrow,Bruant familier,Spizella passerina,CHSP,1.0
,Clay-colored Sparrow,Bruant des plaines,Spizella pallida,CCSP,1.0
,Black-chinned Sparrow,Bruant à menton noir,Spizella atrogularis,BCSP,1.0
,Field Sparrow,Bruant des champs,Spizella pusilla,FISP,1.0
,Brewer's Sparrow,Bruant de Brewer,Spizella breweri,BRSP,1.0
,Fox Sparrow,Bruant fauve,Passerella iliaca,FOSP,1.0
,American Tree Sparrow,Bruant hudsonien,Spizelloides arborea,ATSP,1.0
,Dark-eyed Junco,Junco ardoisé,Junco hyemalis,DEJU,1.0
,Yellow-eyed Junco,Junco aux yeux jaunes,Junco phaeonotus,YEJU,2.0
,White-crowned Sparrow,Bruant à couronne blanche,Zonotrichia leucophrys,WCSP,1.0
,Golden-crowned Sparrow,Bruant à couronne dorée,Zonotrichia atricapilla,GCSP,1.0
,Harris's Sparrow,Bruant à face noire,Zonotrichia querula,HASP,1.0
,White-throated Sparrow,Bruant à gorge blanche,Zonotrichia albicollis,WTSP,1.0
,Sagebrush Sparrow,Bruant des armoises,Artemisiospiza nevadensis,SABS,1.0
,Bell's Sparrow,Bruant de Bell,Artemisiospiza belli,BESP,1.0
,Vesper Sparrow,Bruant vespéral,Pooecetes gramineus,VESP,1.0
,LeConte's Sparrow,Bruant de LeConte,Ammospiza leconteii,LCSP,1.0
,Seaside Sparrow,Bruant maritime,Ammospiza maritima,SESP,1.0
,Nelson's Sparrow,Bruant de Nelson,Ammospiza nelsoni,NESP,1.0
,Saltmarsh Sparrow,Bruant à queue aiguë,Ammospiza caudacuta,SALS,1.0
,Baird's Sparrow,Bruant de Baird,Centronyx bairdii,BAIS,2.0
,Henslow's Sparrow,Bruant de Henslow,Centronyx henslowii,HESP,2.0
,Savannah Sparrow,Bruant des prés,Passerculus sandwichensis,SAVS,1.0
,Song Sparrow,Bruant chanteur,Melospiza melodia,SOSP,1.0
,Lincoln's Sparrow,Bruant de Lincoln,Melospiza lincolnii,LISP,1.0
,Swamp Sparrow,Bruant des marais,Melospiza georgiana,SWSP,1.0
,Canyon Towhee,Tohi des canyons,Melozone fusca,CANT,1.0
,Abert's Towhee,Tohi d'Abert,Melozone aberti,ABTO,1.0
,California Towhee,Tohi de Californie,Melozone crissalis,CALT,1.0
,Rufous-crowned Sparrow,Tohi à calotte fauve,Aimophila ruficeps,RCSP,1.0
,Green-tailed Towhee,Tohi à queue verte,Pipilo chlorurus,GTTO,1.0
,Spotted Towhee,Tohi tacheté,Pipilo maculatus,SPTO,1.0
,Eastern Towhee,Tohi à flancs roux,Pipilo erythrophthalmus,EATO,1.0
,Yellow-breasted Chat,Ictérie polyglotte,Icteria virens,YBCH,1.0
,Yellow-headed Blackbird,Carouge à tête jaune,Xanthocephalus xanthocephalus,YHBL,1.0
,Bobolink,Goglu des prés,Dolichonyx oryzivorus,BOBO,1.0
,Eastern Meadowlark,Sturnelle des prés,Sturnella magna,EAME,1.0
,Western Meadowlark,Sturnelle de l'Ouest,Sturnella neglecta,WEME,1.0
,Orchard Oriole,Oriole des vergers,Icterus spurius,OROR,1.0
,Hooded Oriole,Oriole masqué,Icterus cucullatus,HOOR,1.0
,Bullock's Oriole,Oriole de Bullock,Icterus bullockii,BUOR,1.0
,Spot-breasted Oriole,Oriole maculé,Icterus pectoralis,SBOR,2.0
,Altamira Oriole,Oriole à gros bec,Icterus gularis,ALOR,2.0
,Audubon's Oriole,Oriole d'Audubon,Icterus graduacauda,AUOR,2.0
,Baltimore Oriole,Oriole de Baltimore,Icterus galbula,BAOR,1.0
,Scott's Oriole,Oriole jaune-verdâtre,Icterus parisorum,SCOR,1.0
,Red-winged Blackbird,Carouge à épaulettes,Agelaius phoeniceus,RWBL,1.0
,Tricolored Blackbird,Carouge de Californie,Agelaius tricolor,TRBL,2.0
,Bronzed Cowbird,Vacher bronzé,Molothrus aeneus,BROC,1.0
,Brown-headed Cowbird,Vacher à tête brune,Molothrus ater,BHCO,1.0
,Rusty Blackbird,Quiscale rouilleux,Euphagus carolinus,RUBL,1.0
,Brewer's Blackbird,Quiscale de Brewer,Euphagus cyanocephalus,BRBL,1.0
,Common Grackle,Quiscale bronzé,Quiscalus quiscula,COGR,1.0
,Boat-tailed Grackle,Quiscale des marais,Quiscalus major,BTGR,1.0
,Great-tailed Grackle,Quiscale à longue queue,Quiscalus mexicanus,GTGR,1.0
,Ovenbird,Paruline couronnée,Seiurus aurocapilla,OVEN,1.0
,Worm-eating Warbler,Paruline vermivore,Helmitheros vermivorum,WEWA,1.0
,Louisiana Waterthrush,Paruline hochequeue,Parkesia motacilla,LOWA,1.0
,Northern Waterthrush,Paruline des ruisseaux,Parkesia noveboracensis,NOWA,1.0
,Golden-winged Warbler,Paruline à ailes dorées,Vermivora chrysoptera,GWWA,2.0
,Blue-winged Warbler,Paruline à ailes bleues,Vermivora cyanoptera,BWWA,1.0
,Black-and-white Warbler,Paruline noir et blanc,Mniotilta varia,BAWW,1.0
,Prothonotary Warbler,Paruline orangée,Protonotaria citrea,PROW,1.0
,Swainson's Warbler,Paruline de Swainson,Limnothlypis swainsonii,SWWA,2.0
,Tennessee Warbler,Paruline obscure,Leiothlypis peregrina,TEWA,1.0
,Orange-crowned Warbler,Paruline verdâtre,Leiothlypis celata,OCWA,1.0
,Colima Warbler,Paruline de Colima,Leiothlypis crissalis,COLW,2.0
,Lucy's Warbler,Paruline de Lucy,Leiothlypis luciae,LUWA,1.0
,Nashville Warbler,Paruline à joues grises,Leiothlypis ruficapilla,NAWA,1.0
,Virginia's Warbler,Paruline de Virginia,Leiothlypis virginiae,VIWA,1.0
,Connecticut Warbler,Paruline à gorge grise,Oporornis agilis,CONW,2.0
,MacGillivray's Warbler,Paruline des buissons,Geothlypis tolmiei,MGWA,1.0
,Mourning Warbler,Paruline triste,Geothlypis philadelphia,MOWA,1.0
,Kentucky Warbler,Paruline du Kentucky,Geothlypis formosa,KEWA,1.0
,Common Yellowthroat,Paruline masquée,Geothlypis trichas,COYE,1.0
,Hooded Warbler,Paruline à capuchon,Setophaga citrina,HOWA,1.0
,American Redstart,Paruline flamboyante,Setophaga ruticilla,AMRE,1.0
,Kirtland's Warbler,Paruline de Kirtland,Setophaga kirtlandii,KIWA,2.0
,Cape May Warbler,Paruline tigrée,Setophaga tigrina,CMWA,1.0
,Cerulean Warbler,Paruline azurée,Setophaga cerulea,CERW,2.0
,Northern Parula,Paruline à collier,Setophaga americana,NOPA,1.0
,Magnolia Warbler,Paruline à tête cendrée,Setophaga magnolia,MAWA,1.0
,Bay-breasted Warbler,Paruline à poitrine baie,Setophaga castanea,BBWA,1.0
,Blackburnian Warbler,Paruline à gorge orangée,Setophaga fusca,BLBW,1.0
,Yellow Warbler,Paruline jaune,Setophaga petechia,YEWA,1.0
,Chestnut-sided Warbler,Paruline à flancs marron,Setophaga pensylvanica,CSWA,1.0
,Blackpoll Warbler,Paruline rayée,Setophaga striata,BLPW,1.0
,Black-throated Blue Warbler,Paruline bleue,Setophaga caerulescens,BTBW,1.0
,Palm Warbler,Paruline à couronne rousse,Setophaga palmarum,PAWA,1.0
,Pine Warbler,Paruline des pins,Setophaga pinus,PIWA,1.0
,Yellow-rumped Warbler,Paruline à croupion jaune,Setophaga coronata,YRWA,1.0
,Yellow-throated Warbler,Paruline à gorge jaune,Setophaga dominica,YTWA,1.0
,Prairie Warbler,Paruline des prés,Setophaga discolor,PRAW,1.0
,Grace's Warbler,Paruline de Grace,Setophaga graciae,GRWA,1.0
,Black-throated Gray Warbler,Paruline grise,Setophaga nigrescens,BTYW,1.0
,Townsend's Warbler,Paruline de Townsend,Setophaga townsendi,TOWA,1.0
,Hermit Warbler,Paruline à tête jaune,Setophaga occidentalis,HEWA,1.0
,Golden-cheeked Warbler,Paruline à dos noir,Setophaga chrysoparia,GCWA,2.0
,Black-throated Green Warbler,Paruline à gorge noire,Setophaga virens,BTNW,1.0
,Canada Warbler,Paruline du Canada,Cardellina canadensis,CAWA,1.0
,Wilson's Warbler,Paruline à calotte noire,Cardellina pusilla,WIWA,1.0
,Red-faced Warbler,Paruline à face rouge,Cardellina rubrifrons,RFWA,2.0
,Painted Redstart,Paruline à ailes blanches,Myioborus pictus,PARE,2.0
,Hepatic Tanager,Piranga orangé,Piranga flava,HETA,2.0
,Summer Tanager,Piranga vermillon,Piranga rubra,SUTA,1.0
,Scarlet Tanager,Piranga écarlate,Piranga olivacea,SCTA,1.0
,Western Tanager,Piranga à tête rouge,Piranga ludoviciana,WETA,1.0
,Northern Cardinal,Cardinal rouge,Cardinalis cardinalis,NOCA,1.0
,Pyrrhuloxia,Cardinal pyrrhuloxia,Cardinalis sinuatus,PYRR,1.0
,Rose-breasted Grosbeak,Cardinal à poitrine rose,Pheucticus ludovicianus,RBGR,1.0
,Black-headed Grosbeak,Cardinal à tête noire,Pheucticus melanocephalus,BHGR,1.0
,Blue Grosbeak,Guiraca bleu,Passerina caerulea,BLGR,1.0
,Lazuli Bunting,Passerin azuré,Passerina amoena,LAZB,1.0
,Indigo Bunting,Passerin indigo,Passerina cyanea,INBU,1.0
,Varied Bunting,Passerin varié,Passerina versicolor,VABU,2.0
,Painted Bunting,Passerin nonpareil,Passerina ciris,PABU,1.0
,Dickcissel,Dickcissel d'Amérique,Spiza americana,DICK,1.0
,Red-crested Cardinal,Paroare huppé,Paroaria coronata,RCCA,2.0
,Yellow-billed Cardinal,Paroare à bec jaune,Paroaria capitata,YBCA,2.0
,Saffron Finch,Sicale bouton-d'or,Sicalis flaveola,SAFI,2.0
